coreldraw;en;en-US;graphic-design-software;corel-cad;technical-suite;photo-paint;graphic-design-software;corel-cad;technical-suite;#gallery
coreldraw;en;en-CA;graphic-design-software;corel-cad;technical-suite;photo-paint;graphic-design-software;corel-cad;technical-suite;#gallery
coreldraw;en;en-GB;graphic-design-software;corel-cad;technical-suite;photo-paint;graphic-design-software;corel-cad;technical-suite;#gallery
coreldraw;en;en-AU;graphic-design-software;corel-cad;technical-suite;photo-paint;graphic-design-software;corel-cad;technical-suite;#gallery
coreldraw;en;en-IE;graphic-design-software;corel-cad;technical-suite;photo-paint;graphic-design-software;corel-cad;technical-suite;#gallery
coreldraw;de;de-DE;grafikprogramm;corel-cad;technical-suite;photo-paint;grafikprogramm;corel-cad;technical-suite;#gallery
coreldraw;fr;fr-FR;product/logiciel-de-dessin;corel-cad;technical-suite;photo-paint;product/logiciel-de-dessin;corel-cad;technical-suite;#gallery
coreldraw;jp;ja-JP;graphic-design-software;corel-cad;technical-suite;photo-paint;graphic-design-software;corel-cad;technical-suite;#gallery
coreldraw;it;it-IT;software-di-progettazione-grafica;corel-cad;technical-suite;photo-paint;software-di-progettazione-grafica;corel-cad;technical-suite;#gallery
coreldraw;nl;nl-NL;grafisch-ontwerpsoftware;corel-cad;technical-suite;photo-paint;grafisch-ontwerpsoftware;corel-cad;technical-suite;#gallery
coreldraw;br;pt-BR;software-de-design-grafico;corel-cad;technical-suite;photo-paint;software-de-design-grafico;corel-cad;technical-suite;#gallery