paintshoppro;en;en-US;graphic-design-software;paintshop-pro/ultimate;paintshop-pro/standard;photomirage;photo-video-bundle
paintshoppro;en;en-CA;graphic-design-software;paintshop-pro/ultimate;paintshop-pro/standard;photomirage;photo-video-bundle
paintshoppro;en;en-GB;graphic-design-software;paintshop-pro/ultimate;paintshop-pro/standard;photomirage;photo-video-bundle
paintshoppro;en;en-AU;graphic-design-software;paintshop-pro/ultimate;paintshop-pro/standard;photomirage;photo-video-bundle
paintshoppro;en;en-IE;graphic-design-software;paintshop-pro/ultimate;paintshop-pro/standard;photomirage;photo-video-bundle
paintshoppro;de;de-DE;grafikprogramm;paintshop-pro/ultimate;paintshop-pro/standard;aftershot/pro;photo-video-bundle
paintshoppro;fr;fr-FR;product/logiciel-de-dessin;paintshop-pro/ultimate;paintshop-pro/standard;aftershot/pro;photo-video-bundle
paintshoppro;it;it-IT;software-di-progettazione-grafica;paintshop-pro/ultimate;paintshop-pro/standard;aftershot/pro;photo-video-bundle
paintshoppro;nl;nl-NL;grafisch-ontwerpsoftware;paintshop-pro/ultimate;paintshop-pro/standard;aftershot/pro;photo-video-bundle
paintshoppro;jp;ja-JP;ideostudio/ultimate;paintshop-pro/ultimate;paintshop-pro/standard;aftershot/pro;photo-video-bundle
