paintshoppro;en;en-US;paintshop-pro/ultimate;paintshop-pro/standard;photo-video-bundle;particleshop;paintshop-pro/standard;paintshop-pro/ultimate;photo-video-bundle;aftershot/pro
paintshoppro;en;en-CA;paintshop-pro/ultimate;paintshop-pro/standard;photo-video-bundle;particleshop;paintshop-pro/standard;paintshop-pro/ultimate;photo-video-bundle;aftershot/pro
paintshoppro;en;en-GB;paintshop-pro/ultimate;paintshop-pro/standard;photo-video-bundle;particleshop;paintshop-pro/standard;paintshop-pro/ultimate;photo-video-bundle;aftershot/pro
paintshoppro;en;en-AU;paintshop-pro/ultimate;paintshop-pro/standard;photo-video-bundle;particleshop;paintshop-pro/standard;paintshop-pro/ultimate;photo-video-bundle;aftershot/pro
paintshoppro;en;en-NZ;paintshop-pro/ultimate;paintshop-pro/standard;photo-video-bundle;particleshop;paintshop-pro/standard;paintshop-pro/ultimate;photo-video-bundle;aftershot/pro
paintshoppro;en;en-IE;paintshop-pro/ultimate;paintshop-pro/standard;photo-video-bundle;particleshop;paintshop-pro/standard;paintshop-pro/ultimate;photo-video-bundle;aftershot/pro
paintshoppro;de;de-DE;paintshop-pro/ultimate;paintshop-pro/standard;photo-video-bundle;particleshop;paintshop-pro/standard;paintshop-pro/ultimate;photo-video-bundle;aftershot/pro
paintshoppro;fr;fr-FR;paintshop-pro/ultimate;paintshop-pro/standard;photo-video-bundle;particleshop;paintshop-pro/standard;paintshop-pro/ultimate;photo-video-bundle;aftershot/pro
paintshoppro;it;it-IT;paintshop-pro/ultimate;paintshop-pro/standard;photo-video-bundle;particleshop;paintshop-pro/standard;paintshop-pro/ultimate;photo-video-bundle;aftershot/pro
paintshoppro;nl;nl-NL;paintshop-pro/ultimate;paintshop-pro/standard;photo-video-bundle;particleshop;paintshop-pro/standard;paintshop-pro/ultimate;photo-video-bundle;aftershot/pro
paintshoppro;jp;ja-JP;paintshop-pro/ultimate;paintshop-pro/standard;photo-video-bundle;particleshop;paintshop-pro/standard;paintshop-pro/ultimate;photo-video-bundle;aftershot/pro
